{"cameraMode":{"drawMode":0,"name":"Shaded","section":"Shading Mode"},"sceneLighting":true,"audioPlay":false,"sceneViewState":{"showFog":true,"showMaterialUpdate":true,"showSkybox":true,"showFlares":true,"showImageEffects":true,"showParticleSystems":true},"in2DMode":false,"pivot":{"x":243.500732421875,"y":202.96249389648438,"z":-194.08587646484376},"rotation":{"x":0.0025806939229369165,"y":0.9971657991409302,"z":-0.06321468949317932,"w":0.04070770740509033},"size":593.753662109375,"orthographic":false}